-- 用户画像
INSERT INTO users (id, name, age, gender, education, occupation, city, interests, language, nationality, register_date, last_active)
VALUES
(1, '张三', 24, '男', '本科', '留学生', '东京', '摄影,篮球,AI', '中文,日语', '中国', '2024-06-01', '2024-06-10'),
(2, '李四', 27, '女', '硕士', '工程师', '大阪', '旅行,美食,编程', '中文,日语', '中国', '2024-05-15', '2024-06-09');

-- 张三：2组对话，每组3轮
INSERT INTO conversations (user_id, group_id, role, content, timestamp, tags) VALUES
(1, 1, 'user', '我想找东京附近的樱花活动', '2024-06-01 10:00:00', '活动,樱花'),
(1, 1, 'assistant', '推荐你去北大赏樱节，本周末开放。', '2024-06-01 10:00:05', '推荐,活动'),
(1, 1, 'user', '需要提前预约吗？', '2024-06-01 10:01:00', '活动,预约'),
(1, 1, 'assistant', '建议提前在官网预约，现场人较多。', '2024-06-01 10:01:10', '预约,建议'),
(1, 1, 'user', '好的，谢谢！', '2024-06-01 10:02:00', '感谢'),
(1, 1, 'assistant', '不客气，祝你玩得开心！', '2024-06-01 10:02:05', '祝福'),
(1, 2, 'user', '帮我查明天东京的天气', '2024-06-02 09:00:00', '天气,东京'),
(1, 2, 'assistant', '明天东京多云，气温22-28度。', '2024-06-02 09:00:05', '天气,播报'),
(1, 2, 'user', '适合户外活动吗？', '2024-06-02 09:01:00', '天气,建议'),
(1, 2, 'assistant', '适合，建议带伞以防阵雨。', '2024-06-02 09:01:10', '建议,天气'),
(1, 2, 'user', '明白了，谢谢！', '2024-06-02 09:02:00', '感谢'),
(1, 2, 'assistant', '祝你有美好的一天！', '2024-06-02 09:02:05', '祝福');

-- 李四：2组对话，每组3轮
INSERT INTO conversations (user_id, group_id, role, content, timestamp, tags) VALUES
(2, 1, 'user', '大阪最近有什么美食节吗？', '2024-06-03 11:00:00', '美食,活动'),
(2, 1, 'assistant', '大阪美食节将在6月10日举行，推荐参加。', '2024-06-03 11:00:10', '推荐,美食'),
(2, 1, 'user', '需要门票吗？', '2024-06-03 11:01:00', '门票,活动'),
(2, 1, 'assistant', '部分展区需要门票，官网可购买。', '2024-06-03 11:01:10', '门票,建议'),
(2, 1, 'user', '有推荐的展区吗？', '2024-06-03 11:02:00', '推荐,展区'),
(2, 1, 'assistant', '推荐尝试本地小吃展区，口碑很好。', '2024-06-03 11:02:10', '推荐,美食'),
(2, 2, 'user', '我想了解签证续签流程', '2024-06-04 14:00:00', '签证,续签'),
(2, 2, 'assistant', '请准备护照、在留卡和照片，前往出入国管理局办理。', '2024-06-04 14:00:10', '签证,流程'),
(2, 2, 'user', '办理时间一般多久？', '2024-06-04 14:01:00', '签证,时间'),
(2, 2, 'assistant', '通常需要2-3周，建议提前准备。', '2024-06-04 14:01:10', '建议,时间'),
(2, 2, 'user', '谢谢你的提醒！', '2024-06-04 14:02:00', '感谢'),
(2, 2, 'assistant', '不客气，祝你顺利续签！', '2024-06-04 14:02:10', '祝福');

-- 记忆摘要
INSERT INTO memory_summaries (user_id, period, summary, created_at, revised_by_user, revised_content, revised_at) VALUES
(1, '2024-05-25 ~ 2024-06-01', '张三近期关注东京活动和天气，喜欢户外和社交。', '2024-06-02', 0, '', NULL),
(2, '2024-05-25 ~ 2024-06-01', '李四关注美食节和签证续签，喜欢尝试新事物。', '2024-06-04', 0, '', NULL);

-- 提醒事项/日程
INSERT INTO reminders (user_id, title, description, due_date, priority, status, created_at, updated_at) VALUES
(1, '医院预约', '体检预约，东京医院', '2024-06-10', '高', '待办', '2024-06-01', '2024-06-01'),
(1, '论文提交', '毕业论文初稿提交', '2024-06-12', '中', '待办', '2024-06-02', '2024-06-02'),
(1, '朋友聚会', '周五晚餐', '2024-06-14', '低', '待办', '2024-06-03', '2024-06-03'),
(2, '签证续签', '在留卡更新', '2024-06-20', '高', '待办', '2024-06-01', '2024-06-01'),
(2, '美食节报名', '报名参加大阪美食节', '2024-06-09', '中', '待办', '2024-06-02', '2024-06-02');